{
  "accuracy": 0.8139496078758551,
  "precision": 0.6382699868938401,
  "recall": 0.36726998491704377,
  "f1": 0.466251795117281,
  "roc_auc": 0.7610222411392075
}